<?xml version="1.0" encoding="utf-8"?>
<extension version="2.5" type="plugin" group="system" method="upgrade">
	<name>System - Perfect Dashboard Installer</name>
	<creationDate>2017-08-22</creationDate>
	<author>Piotr Moćko</author>
	<copyright>Copyright (C) 2017 Perfect Dashboard Sp. z o.o., All rights reserved.</copyright>
	<license>Commercial</license>
	<authorEmail>piotr@perfectdashboard.com</authorEmail>
	<authorUrl>https://perfectdashboard.com</authorUrl>
	<version>1.0.3</version>
	<description><![CDATA[This plugins helps you installing Perfect Dashboard after failed extension update]]></description>

	<files>
		<filename plugin="perfectdashboard_installer">perfectdashboard_installer.php</filename>
		<filename>index.html</filename>
		<folder>language</folder>
	</files>

	<scriptfile>installer.script.php</scriptfile>

</extension>
